Day,Article,Maker,Color1,Color2,Month
9-15-2017,Coat,Stephan Schneider,Navy,,September
9-15-2017,Shirt,Uniqlo,Navy,,September
9-15-2017,Pants,Comme Des Garcons Homme,Black,,September
9-15-2017,Shoes,Vans,Black,,September
9-16-2017,Coat,Dana Lee,Navy,,September
9-16-2017,Shirt,Issey Miyake,Brown,Purple,September
9-16-2017,Pants,Issey Miyake,Brown,,September
9-16-2017,Shoes,Vans,White,,September
9-17-2017,Coat,Robert Geller,Black,,September
9-17-2017,Shirt,Uniqlo,Black,,September
9-17-2017,Pants,Issey Miyake,Black,,September
9-17-2017,Shoes,Vans,Black,,September
9-18-2017,Coat,Robert Geller,Black,,September
9-18-2017,Shirt,Uniqlo,Black,,September
9-18-2017,Pants,Issey Miyake,Black,,September
9-18-2017,Shoes,Vans,Black,,September
9-19-2017,Coat,Sage De Cret,Charcoal,,September
9-19-2017,Shirt,Uniqlo,Navy,,September
9-19-2017,Pants,Comme Des Garcons Homme,Black,,September
9-19-2017,Shoes,Vans,Black,,September
9-20-2017,Coat,Maison Martin Margiela,Charcoal,,September
9-20-2017,Shirt,Uniqlo,Navy,,September
9-20-2017,Pants,Comme Des Garcons Homme,Black,,September
9-20-2017,Shoes,Vans,Black,,September
9-21-2017,Coat,Robert Geller,Black,,September
9-21-2017,Shirt,Uniqlo,Navy,,September
9-21-2017,Pants,Helmut Lang,Black,,September
9-21-2017,Shoes,Vans,White,,September
9-22-2017,Coat,Robert Geller,Black,,September
9-22-2017,Shirt,Issey Miyake,Black,White,September
9-22-2017,Pants,Issey Miyake,Black,,September
9-22-2017,Shoes,Vans,White,,September
9-23-2017,Coat,NA,Navy,,September
9-23-2017,Shirt,Issey Miyake,Brown,Purple,September
9-23-2017,Pants,Issey Miyake,Brown,,September
9-23-2017,Shoes,Heschung,Brown,,September
9-24-2017,Coat,NA,NA,,September
9-24-2017,Shirt,Uniqlo,Navy,White,September
9-24-2017,Pants,Uniqlo,Navy,,September
9-24-2017,Shoes,Vans,White,,September
9-25-2017,Coat,NA,,,September
9-25-2017,Shirt,Uniqlo,Black,,September
9-25-2017,Pants,Helmut Lang,Black,,September
9-25-2017,Shoes,Nike,Black,,September
9-26-2017,Coat,NA,,,September
9-26-2017,Shirt,Issey Miyake,Black,White,September
9-26-2017,Pants,Issey Miyake,Black,,September
9-26-2017,Shoes,Vans,Black,,September
9-27-2017,Coat,NA,,,September
9-27-2017,Shirt,Uniqlo,Charcoal,,September
9-27-2017,Pants,J. Crew,Navy,,September
9-27-2017,Shoes,Vans,White,,September
9-28-2017,Coat,Stephan Schneider,Navy,,September
9-28-2017,Shirt,Uniqlo,Navy,White,September
9-28-2017,Pants,Issey Miyake,Brown,,September
9-28-2017,Shoes,Heschung,Brown,,September
9-28-2017,Coat,Stephan Schneider,Navy,,September
9-28-2017,Shirt,Uniqlo,Burgundy,,September
9-28-2017,Pants,Issey Miyake,Brown,,September
9-28-2017,Shoes,Heschung,Brown,,September
9-29-2017,Coat,Stephan Schneider,Navy,,September
9-29-2017,Shirt,Uniqlo,Burgundy,,September
9-29-2017,Pants,Issey Miyake,Brown,,September
9-29-2017,Shoes,Heschung,Brown,,September
9-30-2017,Coat,Stephan Schneider,Navy,,September
9-30-2017,Shirt,Uniqlo,Navy,White,September
9-30-2017,Pants,Issey Miyake,Brown,,September
9-30-2017,Shoes,Heschung,Brown,,September
10-1-2017,Coat,Stephan Schneider,Navy,,October
10-1-2017,Shirt,Uniqlo,Navy,White,October
10-1-2017,Pants,Issey Miyake,Brown,,October
10-1-2017,Shoes,Heschung,Brown,,October
10-2-2017,Coat,Stephan Schneider,Navy,,October
10-2-2017,Shirt,Uniqlo,Burgundy,,October
10-2-2017,Pants,Issey Miyake,Brown,,October
10-2-2017,Shoes,Heschung,Brown,,October
10-3-2017,Coat,Dries Van Noten,Charcoal,,October
10-3-2017,Shirt,Uniqlo,Navy,,October
10-3-2017,Pants,Issey Miyake,Black,,October
10-3-2017,Shoes,Vans,Black,,October
10-4-2017,Coat,NA,,,October
10-4-2017,Shirt,Our Legacy,Blue,White,October
10-4-2017,Pants,J. Crew,Navy,,October
10-4-2017,Shoes,Vans,White,,October
10-5-2017,Coat,NA,,,October
10-5-2017,Shirt,Uniqlo,Navy,,October
10-5-2017,Pants,Issey Miyake,Black,,October
10-5-2017,Shoes,Vans,White,,October
10-6-2017,Coat,Stephan Schneider,Navy,,October
10-6-2017,Shirt,Our Legacy,Blue,White,October
10-6-2017,Pants,Helmut Lang,Khaki,,October
10-6-2017,Shoes,Vans,White,,October
10-7-2017,Coat,Robert Geller,Black,,October
10-7-2017,Shirt,Uniqlo,Navy,,October
10-7-2017,Pants,Issey Miyake,Black,,October
10-7-2017,Shoes,Vans,Black,,October
10-8-2017,Coat,Majestic,Black,Orange,October
10-8-2017,Shirt,Nike,Black,,October
10-8-2017,Pants,Nike,Black,,October
10-8-2017,Shoes,Nike,Black,,October
10-9-2017,Coat,NA,,,October
10-9-2017,Shirt,Uniqlo,Black,,October
10-9-2017,Pants,Comme Des Garcons Homme,Black,,October
10-9-2017,Shoes,Vans,White,,October
10-10-2017,Coat,NA,,,October
10-10-2017,Shirt,Uniqlo,Navy,White,October
10-10-2017,Pants,J. Crew,Navy,,October
10-10-2017,Shoes,Vans,White,,October
10-11-2017,Coat,Dries Van Noten,Brown,Black,October
10-11-2017,Shirt,Barneys,Beige,White,October
10-11-2017,Pants,Issey Miyake,Brown,,October
10-11-2017,Shoes,Heschung,Brown,,October
10-12-2017,Coat,Maison Martin Margiela,Gray,,October
10-12-2017,Shirt,Uniqlo,Gray,,October
10-12-2017,Pants,Comme Des Garcons Homme,Black,,October
10-12-2017,Shoes,Vans,White,,October
10-13-2017,Coat,Robert Geller,Black,,October
10-13-2017,Shirt,Uniqlo,Black,,October
10-13-2017,Pants,Comme Des Garcons Homme,Black,,October
10-13-2017,Shoes,Nike,Navy,White,October
10-14-2017,Coat,Dries Van Noten,Black,Charcoal,October
10-14-2017,Shirt,Uniqlo,Olive,,October
10-14-2017,Pants,Comme Des Garcons Homme,Black,,October
10-14-2017,Shoes,Nike,Navy,White,October
10-15-2017,Coat,Stephan Schneider,Navy,,October
10-15-2017,Shirt,Uniqlo,Olive,,October
10-15-2017,Pants,Helmut Lang,Beige,,October
10-15-2017,Shoes,Converse,Beige,,October
10-16-2017,Coat,Dries Van Noten,Burgundy,,October
10-16-2017,Shirt,Uniqlo,Olive,,October
10-16-2017,Pants,Issey Miyake,Brown,,October
10-16-2017,Shoes,Heschung,Brown,,October
10-17-2017,Coat,Dries Van Noten,Black,Charcoal,October
10-17-2017,Shirt,Uniqlo,Blue,Purple,October
10-17-2017,Pants,Comme Des Garcons Homme,Black,,October
10-17-2017,Shoes,Nike,Navy,White,October
10-18-2017,Coat,Robert Geller,Black,,October
10-18-2017,Shirt,Uniqlo,Burgundy,,October
10-18-2017,Pants,Issey Miyake,Black,,October
10-18-2017,Shoes,Vans,White,,October
10-19-2017,Coat,Stephan Schneider,Navy,,October
10-19-2017,Shirt,Barneys,Beige,White,October
10-19-2017,Pants,Helmut Lang,Beige,,October
10-19-2017,Shoes,Vans,White,,October
10-20-2017,Coat,Stephan Schneider,Navy,,October
10-20-2017,Shirt,Our Legacy,Navy,,October
10-20-2017,Pants,Issey Miyake,Black,,October
10-20-2017,Shoes,Vans,White,,October
10-21-2017,Coat,Robert Geller,Black,,October
10-21-2017,Shirt,Uniqlo,Black,,October
10-21-2017,Pants,Issey Miyake,Black,,October
10-21-2017,Shoes,Vans,White,,October
10-22-2017,Coat,Maison Martin Margiela,Charcoal,,October
10-22-2017,Shirt,Uniqlo,Charcoal,,October
10-22-2017,Pants,Comme Des Garcons Homme,Black,,October
10-22-2017,Shoes,Converse,White,,October
10-23-2017,Coat,Lanvin,Navy,,October
10-23-2017,Shirt,Dries Van Noten,Blue,,October
10-23-2017,Pants,Issey Miyake,Gray,,October
10-23-2017,Shoes,Heschung,Black,,October
10-24-2017,Coat,Robert Geller,Black,,October
10-24-2017,Shirt,Uniqlo,Navy,Purple,October
10-24-2017,Pants,Comme Des Garcons Homme,Black,,October
10-24-2017,Shoes,Nike,Navy,White,October
10-25-2017,Coat,Stephan Schneider,,,October
10-25-2017,Shirt,Uniqlo,,,October
10-25-2017,Pants,Comme Des Garcons Homme,,,October
10-25-2017,Shoes,Nike,Navy,White,October
10-26-2017,Coat,Dries Van Noten,Black,Green,October
10-26-2017,Shirt,Uniqlo,Blue,Purple,October
10-26-2017,Pants,Comme Des Garcons Homme,Black,,October
10-26-2017,Shoes,Nike,Navy,White,October
10-27-2017,Coat,Helmut Lang,Black,,October
10-27-2017,Shirt,Issey Miyake,Black,White,October
10-27-2017,Pants,Helmut Lang,Black,,October
10-27-2017,Shoes,Nike,Navy,White,October
10-28-2017,Coat,Dries Van Noten,Charcoal,,October
10-28-2017,Shirt,Uniqlo,White,,October
10-28-2017,Pants,Comme Des Garcons Homme,Black,,October
10-28-2017,Shoes,Nike,Navy,White,October
10-29-2017,Coat,Dries Van Noten,Black,Green,October
10-29-2017,Shirt,Uniqlo,White,,October
10-29-2017,Pants,Comme Des Garcons Homme,Black,,October
10-29-2017,Shoes,Vans,White,,October
10-30-2017,Coat,Helmut Lang,Black,,October
10-30-2017,Shirt,Dries Van Noten,Blue,Purple,October
10-30-2017,Pants,Sage De Cret,Black,,October
10-30-2017,Shoes,Vans,White,,October
10-31-2017,Coat,Uniqlo,Green,,October
10-31-2017,Shirt,Dries Van Noten,Blue,,October
10-31-2017,Pants,Uniqlo,Green,,October
10-31-2017,Shoes,Heschung,Brown,,October
11-1-2017,Coat,Dries Van Noten,Burgundy,,November
11-1-2017,Shirt,Uniqlo,Navy,,November
11-1-2017,Pants,Comme Des Garcons Homme,Black,,November
11-1-2017,Shoes,Vans,White,,November
11-2-2017,Coat,Robert Geller,Black,,November
11-2-2017,Shirt,Uniqlo,Blue,Purple,November
11-2-2017,Pants,Comme Des Garcons Homme,Black,,November
11-2-2017,Shoes,Nike,Navy,White,November
11-3-2017,Coat,Robert Geller,Black,,November
11-3-2017,Shirt,Uniqlo,Blue,Purple,November
11-3-2017,Pants,Comme Des Garcons Homme,Black,,November
11-3-2017,Shoes,Nike,Navy,White,November
11-4-2017,Coat,Robert Geller,Black,,November
11-4-2017,Shirt,Uniqlo,Blue,Purple,November
11-4-2017,Pants,Comme Des Garcons Homme,Black,,November
11-4-2017,Shoes,Nike,Navy,White,November
11-5-2017,Coat,Robert Geller,Black,,November
11-5-2017,Shirt,Uniqlo,Blue,Purple,November
11-5-2017,Pants,Comme Des Garcons Homme,Black,,November
11-5-2017,Shoes,Nike,Navy,White,November
11-6-2017,Coat,Robert Geller,Black,,November
11-6-2017,Shirt,Uniqlo,Blue,Purple,November
11-6-2017,Pants,Comme Des Garcons Homme,Black,,November
11-6-2017,Shoes,Nike,Navy,White,November
11-7-2017,Coat,Helmut Lang,White,,November
11-7-2017,Shirt,Barneys,Beige,,November
11-7-2017,Pants,Helmut Lang,Beige,,November
11-7-2017,Shoes,Heschung,Beige,White,November
11-8-2017,Coat,Dries Van Noten,Charcoal,,November
11-8-2017,Shirt,Document,Navy,White,November
11-8-2017,Pants,Sage De Cret,Black,,November
11-8-2017,Shoes,Heschung,Black,,November
11-9-2017,Coat,Uniqlo,Green,,November
11-9-2017,Shirt,Document,Beige,,November
11-9-2017,Pants,Uniqlo,Green,,November
11-9-2017,Shoes,Heschung,Brown,,November
11-10-2017,Coat,Lemaire,Brown,Black,November
11-10-2017,Shirt,Dries Van Noten,Beige,,November
11-10-2017,Pants,Issey Miyake,Black,,November
11-10-2017,Shoes,Heschung,Black,,November
11-11-2017,Coat,Burberry Prorsum,Green,Beige,November
11-11-2017,Shirt,Barneys,Beige,,November
11-11-2017,Pants,Helmut Lang,Brown,,November
11-11-2017,Shoes,Kris Van Assche,Brown,,November
11-12-2017,Coat,Dries Van Noten,Charcoal,,November
11-12-2017,Shirt,Uniqlo,Blue,Purple,November
11-12-2017,Pants,Comme Des Garcons Homme,Black,,November
11-12-2017,Shoes,Nike,Navy,White,November
11-13-2017,Coat,Dries Van Noten,Charcoal,,November
11-13-2017,Shirt,GRP,Black,,November
11-13-2017,Pants,Sage de Cret,Black,,November
11-13-2017,Shoes,Nike,Navy,White,November
11-14-2017,Coat,Dries Van Noten,Charcoal,,November
11-14-2017,Shirt,Uniqlo,Blue,Purple,November
11-14-2017,Pants,Sage de Cret,Black,,November
11-14-2017,Shoes,Nike,Navy,White,November
11-15-2017,Coat,Document,Blue,,November
11-15-2017,Shirt,GRP,Burgundy,,November
11-15-2017,Pants,Sage de Cret,Black,Gray,November
11-15-2017,Shoes,Maison Martin Margiela,White,,November
11-16-2017,Coat,Document,Blue,,November
11-16-2017,Shirt,GRP,Burgundy,,November
11-16-2017,Pants,Sage de Cret,Black,Gray,November
11-16-2017,Shoes,Nike,Navy,White,November
11-17-2017,Coat,Document,Blue,,November
11-17-2017,Shirt,Uniqlo,Blue,Purple,November
11-17-2017,Pants,Sage de Cret,Black,Gray,November
11-17-2017,Shoes,Nike,Navy,White,November
11-18-2017,Coat,Document,Blue,,November
11-18-2017,Shirt,Uniqlo,Blue,Purple,November
11-18-2017,Pants,Sage de Cret,Black,Gray,November
11-18-2017,Shoes,Nike,Navy,White,November
11-19-2017,Coat,Document,Blue,,November
11-19-2017,Shirt,GRP,Burgundy,,November
11-19-2017,Pants,Comme Des Garcons Homme,Black,,November
11-19-2017,Shoes,Nike,Navy,White,November
11-20-2017,Coat,Document,Blue,,November
11-20-2017,Shirt,Uniqlo,Black,,November
11-20-2017,Pants,Sage de Cret,Black,Gray,November
11-20-2017,Shoes,Nike,Navy,White,November
11-21-2017,Coat,Document,Blue,,November
11-21-2017,Shirt,Uniqlo,Black,,November
11-21-2017,Pants,Comme Des Garcons Homme,Black,,November
11-21-2017,Shoes,Nike,Navy,White,November
11-22-2017,Coat,Document,Blue,,November
11-22-2017,Shirt,Uniqlo,Black,,November
11-22-2017,Pants,Comme Des Garcons Homme,Black,,November
11-22-2017,Shoes,Nike,Navy,White,November
11-23-2017,Coat,Document,Blue,,November
11-23-2017,Shirt,GRP,Burgundy,,November
11-23-2017,Pants,Comme Des Garcons Homme,Black,,November
11-23-2017,Shoes,Nike,Navy,White,November
11-24-2017,Coat,Document,Blue,,November
11-24-2017,Shirt,Uniqlo,Black,,November
11-24-2017,Pants,Comme Des Garcons Homme,Black,,November
11-24-2017,Shoes,Nike,Navy,White,November
11-25-2017,Coat,Document,Blue,,November
11-25-2017,Shirt,GRP,Burgundy,,November
11-25-2017,Pants,Comme Des Garcons Homme,Black,,November
11-25-2017,Shoes,Nike,Navy,White,November
11-26-2017,Coat,Document,Blue,,November
11-26-2017,Shirt,Uniqlo,Black,,November
11-26-2017,Pants,Comme Des Garcons Homme,Black,,November
11-26-2017,Shoes,Nike,Navy,White,November
11-27-2017,Coat,Lemaire,Brown,White,November
11-27-2017,Shirt,GRP,Black,,November
11-27-2017,Pants,Issey Miyake,Black,,November
11-27-2017,Shoes,Maison Martin Margiela,White,,November
11-28-2017,Coat,Maison Martin Margiela,Charcoal,,November
11-28-2017,Shirt,GRP,Black,,November
11-28-2017,Pants,Comme Des Garcons Homme,Black,,November
11-28-2017,Shoes,Converse,White,,November
11-29-2017,Coat,Helmut Lang,Black,,November
11-29-2017,Shirt,Dries Van Noten,Black,,November
11-29-2017,Pants,Helmut Lang,Black,,November
11-29-2017,Shoes,Heschung,Black,,November
11-30-2017,Coat,Lanvin,Navy,,November
11-30-2017,Shirt,Document,White,,November
11-30-2017,Pants,Helmut Lang,Gray,,November
11-30-2017,Shoes,Heschung,Black,,November
12-1-2017,Coat,Lemaire,Brown,White,December
12-1-2017,Shirt,Document,White,,December
12-1-2017,Pants,Issey Miyake,Gray,,December
12-1-2017,Shoes,Heschung,Black,,December
12-2-2017,Coat,Dries Van Noten,Black,Green,December
12-2-2017,Shirt,Undercover,Black,Gray,December
12-2-2017,Pants,Sage de Cret,Black,,December
12-2-2017,Shoes,Converse,White,,December
12-3-2017,Coat,Dries Van Noten,Charcoal,,December
12-3-2017,Shirt,GRP,Navy,,December
12-3-2017,Pants,Helmut Lang,Navy,,December
12-3-2017,Shoes,Maison Martin Margiela,White,,December
12-4-2017,Coat,Lemaire,Brown,White,December
12-4-2017,Shirt,Dries Van Noten,White,,December
12-4-2017,Pants,Helmut Lang,Gray,,December
12-4-2017,Shoes,Heschung,Brown,,December
12-5-2017,Coat,Dries Van Noten,Black,Green,December
12-5-2017,Shirt,Issey Miyake,Black,,December
12-5-2017,Pants,Issey Miyake,Black,,December
12-5-2017,Shoes,Heschung,Black,,December
12-6-2017,Coat,Lanvin,Navy,,December
12-6-2017,Shirt,Reigning Champ,Gray,,December
12-6-2017,Pants,Sage de Cret,Black,Gray,December
12-6-2017,Shoes,Converse,Ecru,,December
12-7-2017,Coat,Document,Blue,,December
12-7-2017,Shirt,Document,Navy,White,December
12-7-2017,Pants,Helmut Lang,Navy,,December
12-7-2017,Shoes,Nike,Navy,White,December
12-8-2017,Coat,Lemaire,Brown,White,December
12-8-2017,Shirt,Document,Ecru,,December
12-8-2017,Pants,Helmut Lang,Gray,,December
12-8-2017,Shoes,Heschung,Brown,,December
12-9-2017,Coat,Document,Blue,,December
12-9-2017,Shirt,GRP,Burgundy,,December
12-9-2017,Pants,Sage de Cret,Black,Gray,December
12-9-2017,Shoes,Nike,Navy,White,December
12-10-2017,Coat,Dries Van Noten,Black,Green,December
12-10-2017,Shirt,Document,Navy,,December
12-10-2017,Pants,Issey Miyake,Black,,December
12-10-2017,Shoes,Heschung,Black,,December
12-11-2017,Coat,Document,Blue,,December
12-11-2017,Shirt,Document,Ecru,,December
12-11-2017,Pants,Helmut Lang,Gray,,December
12-11-2017,Shoes,Heschung,Brown,,December
12-12-2017,Coat,Dries Van Noten,Navy,,December
12-12-2017,Shirt,Dries van Noten,Ecru,,December
12-12-2017,Pants,Helmut Lang,Navy,,December
12-12-2017,Shoes,Maison Martin Margiela,Gray,,December
12-13-2017,Coat,Document,Blue,,December
12-13-2017,Shirt,Document,Ecru,,December
12-13-2017,Pants,Sage de Cret,Black,Gray,December
12-13-2017,Shoes,Nike,Navy,White,December
12-14-2017,Coat,Dries van Noten,Navy,,December
12-14-2017,Shirt,Document,Navy,,December
12-14-2017,Pants,Sage de Cret,Black,,December
12-14-2017,Shoes,Heschung,Black,,December
12-15-2017,Coat,Document,Blue,,December
12-15-2017,Shirt,Document,Navy,,December
12-15-2017,Pants,Sage de Cret,Black,Gray,December
12-15-2017,Shoes,Heschung,Black,,December