Day,Article,Maker
6-6-2017,Coat,Dries Van Noten
6-6-2017,Shirt,Dries Van Noten
6-6-2017,Pants,Comme Des Garcons Homme
6-6-2017,Shoes,Vans
6-7-2017,Coat,NA
6-7-2017,Shirt,Barneys
6-7-2017,Pants,Helmut Lang
6-7-2017,Shoes,Vans
6-8-2017,Coat,NA
6-8-2017,Shirt,Uniqlo
6-8-2017,Pants,J. Crew
6-8-2017,Shoes,Vans
6-13-2017,Coat,NA
6-13-2017,Shirt,Barneys
6-13-2017,Pants,J. Crew
6-13-2017,Shoes,Vans
6-14-2017,Coat,NA
6-14-2017,Shirt,Issey Miyake
6-14-2017,Pants,Issey Miyake
6-14-2017,Shoes,Vans
6-15-2017,Coat,NA
6-15-2017,Shirt,Uniqlo
6-15-2017,Pants,Helmut Lang
6-15-2017,Shoes,Vans
6-16-2017,Coat,Stephan Schneider
6-16-2017,Shirt,Issey Miyake
6-16-2017,Pants,Issey Miyake
6-16-2017,Shoes,Vans
6-17-2017,Coat,Stephan Schneider
6-17-2017,Shirt,Barneys
6-17-2017,Pants,Comme Des Garcons Homme
6-17-2017,Shoes,Vans
6-18-2017,Coat,NA
6-18-2017,Shirt,Uniqlo
6-18-2017,Pants,Dries Van Noten
6-18-2017,Shoes,Vans
6-19-2017,Coat,NA
6-19-2017,Shirt,Barneys
6-19-2017,Pants,Uniqlo
6-19-2017,Shoes,Vans
6-20-2017,Coat,NA
6-20-2017,Shirt,Uniqlo
6-20-2017,Pants,J. Crew
6-20-2017,Shoes,Vans
6-21-2017,Coat,NA
6-21-2017,Shirt,Sage de Cret
6-21-2017,Pants,J. Crew
6-21-2017,Shoes,Vans
6-22-2017,Coat,NA
6-22-2017,Shirt,Uniqlo
6-22-2017,Pants,Uniqlo
6-22-2017,Shoes,Vans
6-23-2017,Coat,NA
6-23-2017,Shirt,Uniqlo
6-23-2017,Pants,J. Crew
6-23-2017,Shoes,Vans
6-24-2017,Coat,NA
6-24-2017,Shirt,Barneys
6-24-2017,Pants,Uniqlo
6-24-2017,Shoes,Vans
6-25-2017,Coat,NA
6-25-2017,Shirt,Uniqlo
6-25-2017,Pants,Uniqlo
6-25-2017,Shoes,Vans
6-26-2017,Coat,NA
6-26-2017,Shirt,Uniqlo
6-26-2017,Pants,Uniqlo
6-26-2017,Shoes,Vans
6-27-2017,Coat,NA
6-27-2017,Shirt,Uniqlo
6-27-2017,Pants,Dries Van Noten
6-27-2017,Shoes,Vans
6-28-2017,Coat,NA
6-28-2017,Shirt,Issey Miyake
6-28-2017,Pants,Issey Miyake
6-28-2017,Shoes,Vans
6-29-2017,Coat,NA
6-29-2017,Shirt,Uniqlo
6-29-2017,Pants,Helmut Lang
6-29-2017,Shoes,Vans
6-30-2017,Coat,Camoshita
6-30-2017,Shirt,Uniqlo
6-30-2017,Pants,Camoshita
6-30-2017,Shoes,Vans
7-1-2017,Coat,Camoshita
7-1-2017,Shirt,Uniqlo
7-1-2017,Pants,Camoshita
7-1-2017,Shoes,Heschung
7-2-2017,Coat,NA
7-2-2017,Shirt,Uniqlo
7-2-2017,Pants,Uniqlo
7-2-2017,Shoes,Vans
7-3-2017,Coat,NA
7-3-2017,Shirt,Uniqlo
7-3-2017,Pants,Uniqlo
7-3-2017,Shoes,Vans
7-4-2017,Coat,NA
7-4-2017,Shirt,Uniqlo
7-4-2017,Pants,Uniqlo
7-4-2017,Shoes,Vans
7-5-2017,Coat,NA
7-5-2017,Shirt,Uniqlo
7-5-2017,Pants,Uniqlo
7-5-2017,Shoes,Vans
7-6-2017,Coat,NA
7-6-2017,Shirt,Barneys
7-6-2017,Pants,Uniqlo
7-6-2017,Shoes,Vans
7-7-2017,Coat,NA
7-7-2017,Shirt,Barneys
7-7-2017,Pants,Uniqlo
7-7-2017,Shoes,Vans
7-8-2017,Coat,NA
7-8-2017,Shirt,Barneys
7-8-2017,Pants,Uniqlo
7-8-2017,Shoes,Vans
7-9-2017,Coat,NA
7-9-2017,Shirt,Barneys
7-9-2017,Pants,Camoshita
7-9-2017,Shoes,Vans
7-10-2017,Coat,NA
7-10-2017,Shirt,Barneys
7-10-2017,Pants,Uniqlo
7-10-2017,Shoes,Vans
7-11-2017,Coat,NA
7-11-2017,Shirt,Uniqlo
7-11-2017,Pants,Helmut Lang
7-11-2017,Shoes,Vans
7-12-2017,Coat,NA
7-12-2017,Shirt,Uniqlo
7-12-2017,Pants,Helmut Lang
7-12-2017,Shoes,Vans
7-13-2017,Coat,NA
7-13-2017,Shirt,Uniqlo
7-13-2017,Pants,Helmut Lang
7-13-2017,Shoes,Vans
7-14-2017,Coat,Robert Geller
7-14-2017,Shirt,Uniqlo
7-14-2017,Pants,Helmut Lang
7-14-2017,Shoes,Vans
7-15-2017,Coat,NA
7-15-2017,Shirt,Uniqlo
7-15-2017,Pants,Helmut Lang
7-15-2017,Shoes,Vans
7-16-2017,Coat,NA
7-16-2017,Shirt,Uniqlo
7-16-2017,Pants,Helmut Lang
7-16-2017,Shoes,Vans
7-17-2017,Coat,NA
7-17-2017,Shirt,Uniqlo
7-17-2017,Pants,Uniqlo
7-17-2017,Shoes,Vans
7-18-2017,Coat,NA
7-18-2017,Shirt,Uniqlo
7-18-2017,Pants,Uniqlo
7-18-2017,Shoes,Vans
7-19-2017,Coat,NA
7-19-2017,Shirt,Uniqlo
7-19-2017,Pants,Uniqlo
7-19-2017,Shoes,Vans
7-20-2017,Coat,NA
7-20-2017,Shirt,Uniqlo
7-20-2017,Pants,Uniqlo
7-20-2017,Shoes,Vans
7-21-2017,Coat,NA
7-21-2017,Shirt,Uniqlo
7-21-2017,Pants,Uniqlo
7-21-2017,Shoes,Vans
7-22-2017,Coat,NA
7-22-2017,Shirt,Uniqlo
7-22-2017,Pants,Uniqlo
7-22-2017,Shoes,Vans
7-23-2017,Coat,NA
7-23-2017,Shirt,Issey Miyake
7-23-2017,Pants,Issey Miyake
7-23-2017,Shoes,Vans
7-24-2017,Coat,Helmut Lang
7-24-2017,Shirt,Uniqlo
7-24-2017,Pants,Issey Miyake
7-24-2017,Shoes,Heschung
7-25-2017,Coat,NA
7-25-2017,Shirt,Uniqlo
7-25-2017,Pants,Helmut Lang
7-25-2017,Shoes,Vans
7-26-2017,Coat,Dries Van Noten
7-26-2017,Shirt,Uniqlo
7-26-2017,Pants,Issey Miyake
7-26-2017,Shoes,Vans
7-27-2017,Coat,Robert Geller
7-27-2017,Shirt,Uniqlo
7-27-2017,Pants,Comme Des Garcons Homme
7-27-2017,Shoes,Nike
7-28-2017,Coat,Robert Geller
7-28-2017,Shirt,Uniqlo
7-28-2017,Pants,Issey Miyake
7-28-2017,Shoes,Nike
7-29-2017,Coat,Robert Geller
7-29-2017,Shirt,Uniqlo
7-29-2017,Pants,Issey Miyake
7-29-2017,Shoes,Vans
7-30-2017,Coat,NA
7-30-2017,Shirt,Uniqlo
7-30-2017,Pants,Helmut Lang
7-30-2017,Shoes,Vans
7-31-2017,Coat,NA
7-31-2017,Shirt,Uniqlo
7-31-2017,Pants,Uniqlo
7-31-2017,Shoes,Vans
8-1-2017,Coat,NA
8-1-2017,Shirt,Issey Miyake
8-1-2017,Pants,Issey Miyake
8-1-2017,Shoes,Vans
8-2-2017,Coat,NA
8-2-2017,Shirt,Uniqlo
8-2-2017,Pants,Uniqlo
8-2-2017,Shoes,Vans
8-3-2017,Coat,NA
8-3-2017,Shirt,Uniqlo
8-3-2017,Pants,Uniqlo
8-3-2017,Shoes,Vans
8-4-2017,Coat,NA
8-4-2017,Shirt,Barneys
8-4-2017,Pants,Uniqlo
8-4-2017,Shoes,Vans
8-5-2017,Coat,Nike
8-5-2017,Shirt,Nike
8-5-2017,Pants,Nike
8-5-2017,Shoes,NIke
8-6-2017,Coat,NA
8-6-2017,Shirt,Barneys
8-6-2017,Pants,Uniqlo
8-6-2017,Shoes,Vans
8-7-2017,Coat,NA
8-7-2017,Shirt,Barneys
8-7-2017,Pants,Uniqlo
8-7-2017,Shoes,Vans
8-8-2017,Coat,NA
8-8-2017,Shirt,Uniqlo
8-8-2017,Pants,Uniqlo
8-8-2017,Shoes,Vans
8-9-2017,Coat,NA
8-9-2017,Shirt,Uniqlo
8-9-2017,Pants,Uniqlo
8-9-2017,Shoes,Vans
8-10-2017,Coat,NA
8-10-2017,Shirt,Barneys
8-10-2017,Pants,Uniqlo
8-10-2017,Shoes,Vans
8-11-2017,Coat,NA
8-11-2017,Shirt,Issey Miyake
8-11-2017,Pants,Issey Miyake
8-11-2017,Shoes,Vans
8-12-2017,Coat,NA
8-12-2017,Shirt,Nike
8-12-2017,Pants,Nike
8-12-2017,Shoes,Nike
8-13-2017,Coat,NA
8-13-2017,Shirt,Uniqlo
8-13-2017,Pants,Uniqlo
8-13-2017,Shoes,Nike
8-14-2017,Coat,NA
8-14-2017,Shirt,Uniqlo
8-14-2017,Pants,Uniqlo
8-14-2017,Shoes,Nike
8-15-2017,Coat,NA
8-15-2017,Shirt,Uniqlo
8-15-2017,Pants,Helmut Lang
8-15-2017,Shoes,Nike
8-16-2017,Coat,NA
8-16-2017,Shirt,Barneys
8-16-2017,Pants,Helmut Lang
8-16-2017,Shoes,Converse
8-17-2017,Coat,NA
8-17-2017,Shirt,Uniqlo
8-17-2017,Pants,Uniqlo
8-17-2017,Shoes,Vans
8-18-2017,Coat,Stephan Schneider
8-18-2017,Shirt,Uniqlo
8-18-2017,Pants,Uniqlo
8-18-2017,Shoes,Nike
8-19-2017,Coat,NA
8-19-2017,Shirt,Uniqlo
8-19-2017,Pants,Uniqlo
8-19-2017,Shoes,Vans
8-20-2017,Coat,NA
8-20-2017,Shirt,Uniqlo
8-20-2017,Pants,Uniqlo
8-20-2017,Shoes,Nike
8-21-2017,Coat,NA
8-21-2017,Shirt,Barneys
8-21-2017,Pants,Uniqlo
8-21-2017,Shoes,Vans
8-22-2017,Coat,NA
8-22-2017,Shirt,Barneys
8-22-2017,Pants,Helmut Lang
8-22-2017,Shoes,Vans
8-23-2017,Coat,NA
8-23-2017,Shirt,Uniqlo
8-23-2017,Pants,Uniqlo
8-23-2017,Shoes,Vans
8-24-2017,Coat,NA
8-24-2017,Shirt,Uniqlo
8-24-2017,Pants,Helmut Lang
8-24-2017,Shoes,Vans
8-25-2017,Coat,NA
8-25-2017,Shirt,Uniqlo
8-25-2017,Pants,Helmut Lang
8-25-2017,Shoes,Nike
8-26-2017,Coat,NA
8-26-2017,Shirt,Uniqlo
8-26-2017,Pants,Uniqlo
8-26-2017,Shoes,Nike
8-27-2017,Coat,Camoshita
8-27-2017,Shirt,Barneys
8-27-2017,Pants,Camoshita
8-27-2017,Shoes,Vans
8-28-2017,Coat,NA
8-28-2017,Shirt,Uniqlo
8-28-2017,Pants,Uniqlo
8-28-2017,Shoes,Vans
8-29-2017,Coat,Stephan Schneider
8-29-2017,Shirt,Uniqlo
8-29-2017,Pants,Helmut Lang
8-29-2017,Shoes,Vans
8-30-2017,Coat,Stephan Schneider
8-30-2017,Shirt,Uniqlo
8-30-2017,Pants,Helmut Lang
8-30-2017,Shoes,Vans
8-31-2017,Coat,NA
8-31-2017,Shirt,Issey Miyake
8-31-2017,Pants,Helmut Lang
8-31-2017,Shoes,Vans
9-1-2017,Coat,Stephan Schneider
9-1-2017,Shirt,Uniqlo
9-1-2017,Pants,Helmut Lang
9-1-2017,Shoes,Nike
9-2-2017,Coat,Stephan Schneider
9-2-2017,Shirt,Uniqlo
9-2-2017,Pants,Helmut Lang
9-2-2017,Shoes,Vans
9-3-2017,Coat,NA
9-3-2017,Shirt,Uniqlo
9-3-2017,Pants,Uniqlo
9-3-2017,Shoes,Heschung
9-4-2017,Coat,NA
9-4-2017,Shirt,Uniqlo
9-4-2017,Pants,Helmut Lang
9-4-2017,Shoes,Heschung
9-5-2017,Coat,NA
9-5-2017,Shirt,Barneys
9-5-2017,Pants,Uniqlo
9-5-2017,Shoes,Vans
9-6-2017,Coat,NA
9-6-2017,Shirt,Uniqlo
9-6-2017,Pants,Helmut Lang
9-6-2017,Shoes,Vans
9-7-2017,Coat,Robert Geller
9-7-2017,Shirt,Uniqlo
9-7-2017,Pants,Issey Miyake
9-7-2017,Shoes,Vans
9-8-2017,Coat,NA
9-8-2017,Shirt,Barneys
9-8-2017,Pants,Helmut Lang
9-8-2017,Shoes,Vans
9-9-2017,Coat,Dries Van Noten
9-9-2017,Shirt,Uniqlo
9-9-2017,Pants,Comme Des Garcons Homme
9-9-2017,Shoes,Vans
9-10-2017,Coat,Robert Geller
9-10-2017,Shirt,Uniqlo
9-10-2017,Pants,Comme Des Garcons Homme
9-10-2017,Shoes,Vans
9-11-2017,Coat,NA
9-11-2017,Shirt,Issey Miyake
9-11-2017,Pants,Issey Miyake
9-11-2017,Shoes,Vans
9-12-2017,Coat,NA
9-12-2017,Shirt,Issey Miyake
9-12-2017,Pants,Issey Miyake
9-12-2017,Shoes,Vans
9-13-2017,Coat,NA
9-13-2017,Shirt,Barneys
9-13-2017,Pants,Issey Miyake
9-13-2017,Shoes,Vans
9-14-2017,Coat,NA
9-14-2017,Shirt,Uniqlo
9-14-2017,Pants,Helmut Lang
9-14-2017,Shoes,Vans